<?xml version="1.0" encoding="utf-8" ?>
<dwsync>
<file name="delete_image.php" server="smoothgraph.co.th" local="131383579616580921" remote="131383222200000000" Dst="0" />
<file name="index.php" server="smoothgraph.co.th" local="131384309216437366" remote="131383950000000000" Dst="0" />
<file name="new_folder.php" server="froala.safedronezone.com" local="131404244572345574" remote="131406415800000000" Dst="0" />
<file name="front.php" server="froala.safedronezone.com" local="131363650440000000" remote="131395440000000000" Dst="0" />
<file name="i.php" server="froala.safedronezone.com" local="131377265500000000" remote="131395440000000000" Dst="0" />
<file name="import-from-facebook.php" server="froala.safedronezone.com" local="131406794424327345" remote="131406435000000000" Dst="0" />
<file name="index.php" server="froala.safedronezone.com" local="131384309216437366" remote="131395440000000000" Dst="0" />
<file name="insta-callback.php" server="froala.safedronezone.com" local="131395837358493780" remote="131395478400000000" Dst="0" />
<file name="insta-resp.txt" server="froala.safedronezone.com" local="131374750000000000" remote="131395440000000000" Dst="0" />
<file name="load_images.php" server="froala.safedronezone.com" local="131359915340000000" remote="131395440000000000" Dst="0" />
<file name="php.ini" server="froala.safedronezone.com" local="131377266460000000" remote="131395440000000000" Dst="0" />
<file name="php_errorlog" server="froala.safedronezone.com" local="131377236460000000" remote="131395440000000000" Dst="0" />
<file name="privacy.html" server="froala.safedronezone.com" local="131360833980000000" remote="131395440000000000" Dst="0" />
<file name="upload_image.php" server="froala.safedronezone.com" local="131359915380000000" remote="131395440000000000" Dst="0" />
<file name="terms.html" server="froala.safedronezone.com" local="131360824100000000" remote="131395440000000000" Dst="0" />
<file name="delete_image.php" server="froala.safedronezone.com" local="131383579616580921" remote="131406415800000000" Dst="0" />
<file name="dynamic.txt" server="froala.safedronezone.com" local="131384287238155763" remote="131406415800000000" Dst="0" />
<file name="gdrive.php" server="froala.safedronezone.com" local="131406841518545274" remote="131406526200000000" Dst="0" />
</dwsync>